<?xml version="1.0" encoding="UTF-8" ?>
<!DOCTYPE tiles-definitions PUBLIC
"-//Apache Software Foundation//DTD Tiles Configuration 2.0//EN"
"http://tiles.apache.org/dtds/tiles-config_2_0.dtd">
<tiles-definitions>
	<definition name="/admin/notice/listNotice" extends="baseLayout">
	      <put-attribute name="title" value="글목록창" />
	      <put-attribute name="body" value="/WEB-INF/views/admin/notice/listNotice.jsp" />
	</definition>
	
	<definition name="/admin/notice/insertNoticeForm" extends="baseLayout">
		<put-attribute name="title" value="글쓰기창" />
		<put-attribute name="body" value="/WEB-INF/views/admin/notice/insertNoticeForm.jsp" />
	</definition>
	
	<definition name="/admin/notice/viewNotice" extends="baseLayout">
    <put-attribute name="title" value="글상세창" />
    <put-attribute name="body" value="/WEB-INF/views/admin/notice/viewNotice.jsp" />
  </definition>
	
</tiles-definitions>
