<!-- <?xml version="1.0" encoding="UTF-8" ?>
<!DOCTYPE tiles-definitions PUBLIC
       "-//Apache Software Foundation//DTD Tiles Configuration 2.0//EN"
       "http://tiles.apache.org/dtds/tiles-config_2_0.dtd">
<tiles-definitions>
  <definition name="baseLayout"  template="/WEB-INF/views/common/notice/layout2.jsp">
      <put-attribute name="title" value="" />
      <put-attribute name="header" value="/WEB-INF/views/common/notice/header2.jsp" />
      <put-attribute name="side" value="/WEB-INF/views/common/notice/side2.jsp" />
      <put-attribute name="body" value="" />
      <put-attribute name="footer" value="/WEB-INF/views/common/notice/footer2.jsp" />
   </definition>

   <definition name="/views/main/notice/noticeMain" extends="baseLayout">
      <put-attribute name="title" value="메인페이지" />
      <put-attribute name="body" value="/WEB-INF/views/common/notice/noticeMain.jsp" />
   </definition>

 <definition name="/" extends="baseLayout">
      <put-attribute name="title" value="메인페이지" />
      <put-attribute name="body" value="/WEB-INF/views/common/notice/noticeMain.jsp" />
   </definition>

   <definition name="/member/listMembers" extends="baseLayout">
      <put-attribute name="title" value="회원목록창" />
      <put-attribute name="body" value="/WEB-INF/views/member/listMembers.jsp" />
   </definition>
   

    
   <definition name="/member/loginForm" extends="baseLayout">
      <put-attribute name="title" value="로그인창" />
      <put-attribute name="body" value="/WEB-INF/views/member/loginForm.jsp" />
   </definition>
      

   <definition name="/member/memberForm" extends="baseLayout">
      <put-attribute name="title" value="회원등록창" />
      <put-attribute name="body" value="/WEB-INF/views/member/memberForm.jsp" />
   </definition>

   <definition name="/member/viewDetail" extends="baseLayout">
      <put-attribute name="title" value="회원상세창" />
      <put-attribute name="body" value="/WEB-INF/views/member/viewDetail.jsp" />
   </definition>
</tiles-definitions>


 -->